lemma,manual_lemma,unique_candidates,pos,lemma_freq,base_freq,true_lemma,true_base
Agentie,,agentisch,ADJ.,19,3,1,1.0
Agentie,,agent,ADJ.,19,29,1,
Agonie,,agon,ADJ.,205,0,0,
Agonie,,agonisch,ADJ.,205,0,0,
Akademie,,akademisch,ADJ.,12179,8935,1,1.0
Akademie,,akadem,ADJ.,12179,0,0,
Akazie,,akaz,ADJ.,358,0,0,
Akazie,,akazisch,ADJ.,358,0,0,
Akribie,,akribisch,ADJ.,285,1429,1,1.0
Akribie,,akrib,ADJ.,285,0,0,
Aktie,,akt,ADJ.,13814,0,0,
Aktie,,aktisch,ADJ.,13814,0,0,
Alchemie,,alchemisch,ADJ.,756,0,0,
Alchemie,,alchem,ADJ.,635,0,0,
Alchimie,,alchim,ADJ.,121,0,0,
Alien,,ali,ADJ.,3798,0,0,
Alien,,aliisch,ADJ.,3798,0,0,
Allegorie,,allegorisch,ADJ.,516,396,1,1.0
Allegorie,,allegor,ADJ.,516,0,0,
Allergie,,allergisch,ADJ.,8637,4076,1,1.0
Allergie,,allerg,ADJ.,8637,0,0,
Allergologie,,allergologisch,ADJ.,230,107,1,1.0
Allergologie,,allergolog,ADJ.,230,0,0,
Allopathie,,allopathisch,ADJ.,24,45,1,1.0
Allopathie,,allopath,ADJ.,24,0,0,
Amnesie,,amnesisch,ADJ.,364,0,0,
Amnesie,,amnes,ADJ.,364,0,0,
Amnestie,,amnest,ADJ.,416,0,0,
Amnestie,,amnestisch,ADJ.,416,0,0,
Amphibie,,amphibisch,ADJ.,15,117,1,1.0
Amphibie,,amphib,ADJ.,15,0,0,
Analogie,,analog,ADJ.,1754,14613,1,1.0
Analogie,,analogisch,ADJ.,1754,26,1,
Anämie,,anämisch,ADJ.,595,53,1,1.0
Anämie,,anäm,ADJ.,595,0,0,
Anarchie,,anarchisch,ADJ.,1233,330,1,1.0
Anarchie,,anarch,ADJ.,1233,0,0,
Anästhesie,,anästhes,ADJ.,836,0,0,
Anästhesie,,anästhesisch,ADJ.,836,0,0,
Anatomie,,anatomisch,ADJ.,2016,1793,1,1.0
Anatomie,,anatom,ADJ.,2016,0,0,
Angiographie,,angiographisch,ADJ.,115,30,1,1.0
Angiographie,,angiograph,ADJ.,115,0,0,
Anglie,,anglisch,ADJ.,0,2,1,1.0
Anglie,,angl,ADJ.,0,0,0,
Anomalie,,anomal,ADJ.,830,93,1,1.0
Anomalie,,anomalisch,ADJ.,830,0,0,
Anorexie,,anorexisch,ADJ.,244,0,0,
Anorexie,,anorex,ADJ.,244,0,0,
Anthologie,,anthologisch,ADJ.,1618,1,1,1.0
Anthologie,,antholog,ADJ.,1618,0,0,
Anthropologie,,anthropologisch,ADJ.,1502,1011,1,1.0
Anthropologie,,anthropolog,ADJ.,1502,0,0,
Anthroposophie,,anthroposophisch,ADJ.,627,1011,1,1.0
Anthroposophie,,anthroposoph,ADJ.,627,0,0,
Antimagie,,antimagisch,ADJ.,25,6,1,1.0
Antimagie,,antimag,ADJ.,25,0,0,
Antimaterie,,antimater,ADJ.,414,0,0,
Antimaterie,,antimaterisch,ADJ.,414,0,0,
Antipathie,,antipathisch,ADJ.,560,11,1,1.0
Antipathie,,antipath,ADJ.,560,0,0,
Antisemitie,,antisemitisch,ADJ.,0,2654,1,1.0
Antisemitie,,antisemit,ADJ.,0,0,0,
Antisympathie,,antisympath,ADJ.,7,0,0,
Apathie,,apathisch,ADJ.,342,441,1,1.0
Apathie,,apath,ADJ.,342,0,0,
Aphasie,,aphas,ADJ.,152,0,0,
Aphasie,,aphasisch,ADJ.,152,0,0,
Apologie,,apolog,ADJ.,172,0,0,
Apologie,,apologisch,ADJ.,172,0,0,
Aporie,,apor,ADJ.,136,0,0,
Aporie,,aporisch,ADJ.,136,0,0,
Apostasie,,apostas,ADJ.,57,0,0,
Apostasie,,apostasisch,ADJ.,57,0,0,
Archäologie,,archäologisch,ADJ.,2563,4514,1,1.0
Archäologie,,archäolog,ADJ.,2563,0,0,
Arie,,arisch,ADJ.,1222,476,1,1.0
Arie,,ar,ADJ.,1222,0,0,
Aristokratie,,aristokratisch,ADJ.,302,372,1,1.0
Aristokratie,,aristokrat,ADJ.,302,0,0,
Arterie,,arter,ADJ.,822,0,0,
Arterie,,arterisch,ADJ.,822,0,0,
Arthroskopie,,arthroskop,ADJ.,192,0,0,
Arthroskopie,,arthroskopisch,ADJ.,192,0,0,
Artillerie,,artiller,ADJ.,1152,0,0,
Artillerie,,artillerisch,ADJ.,1152,0,0,
Astrologie,,astrologisch,ADJ.,2449,1329,1,1.0
Astrologie,,astrolog,ADJ.,2449,0,0,
Astronomie,,astronomisch,ADJ.,2144,2423,1,1.0
Astronomie,,astronom,ADJ.,2144,0,0,
Asymmetrie,,asymmetrisch,ADJ.,431,1253,1,1.0
Asymmetrie,,asymmetr,ADJ.,431,0,0,
Ätiologie,,ätiologisch,ADJ.,244,0,0,
Ätiologie,,ätiolog,ADJ.,244,0,0,
Atrophie,,atrophisch,ADJ.,138,0,0,
Atrophie,,atroph,ADJ.,138,0,0,
Audiologie,,audiologisch,ADJ.,30,23,1,1.0
Audiologie,,audiolog,ADJ.,30,0,0,
Audiometrie,,audiometrisch,ADJ.,29,27,1,1.0
Audiometrie,,audiometr,ADJ.,29,0,0,
Auslinie,,auslin,ADJ.,29,0,0,
Auslinie,,auslinisch,ADJ.,29,0,0,
Auswärtspartie,,auswärtspart,ADJ.,156,0,0,
Auswärtspartie,,auswärtspartisch,ADJ.,156,0,0,
Autarkie,,autark,ADJ.,141,821,1,1.0
Autarkie,,autarkisch,ADJ.,141,0,0,
Autobiografie,,autobiografisch,ADJ.,602,564,1,1.0
Autobiografie,,autobiograf,ADJ.,602,0,0,
Autobiographie,,autobiographisch,ADJ.,932,844,1,1.0
Autobiographie,,autobiograph,ADJ.,932,0,0,
Autokratie,,autokratisch,ADJ.,72,215,1,1.0
Autokratie,,autokrat,ADJ.,72,0,0,
Autonomie,,autonom,ADJ.,3092,4830,1,1.0
Autonomie,,autonomisch,ADJ.,3092,1,1,
Autopsie,,autops,ADJ.,267,0,0,
Autopsie,,autopsisch,ADJ.,267,0,0,
Bakterie,,bakter,ADJ.,88,0,0,
Bakterie,,bakterisch,ADJ.,88,0,0,
Bakteriologie,,bakteriologisch,ADJ.,56,168,1,1.0
Bakteriologie,,bakteriolog,ADJ.,56,0,0,
Bakterium,,bakteri,ADJ.,9470,0,0,
Bakterium,,bakteriisch,ADJ.,9470,0,0,
Balneologie,,balneologisch,ADJ.,15,11,1,1.0
Balneologie,,balneolog,ADJ.,15,0,0,
Batterie,,batter,ADJ.,13950,0,0,
Batterie,,batterisch,ADJ.,13950,0,0,
Bestie,,best,ADJ.,1418,0,0,
Bestie,,bestisch,ADJ.,1418,0,0,
Bewegungsenergie,,bewegungsenerg,ADJ.,244,0,0,
Bibliografie,,bibliografisch,ADJ.,198,134,1,1.0
Bibliografie,,bibliograf,ADJ.,198,0,0,
Bibliographie,,bibliographisch,ADJ.,1801,761,1,1.0
Bibliographie,,bibliograph,ADJ.,1801,0,0,
Bigamie,,bigam,ADJ.,32,0,0,
Bigamie,,bigamisch,ADJ.,32,0,0,
Bildergalerie,,bildergaler,ADJ.,2936,0,0,
Bildergalerie,,bildergalerisch,ADJ.,2936,0,0,
Bioenergie,,bioenerg,ADJ.,764,0,0,
Biografie,,biografisch,ADJ.,3527,780,1,1.0
Biografie,,biograf,ADJ.,3527,0,0,
Biographie,,biographisch,ADJ.,4819,1784,1,1.0
Biographie,,biograph,ADJ.,4819,0,0,
Biologie,,biologisch,ADJ.,5229,15009,1,1.0
Biologie,,biolog,ADJ.,5229,0,0,
Biometrie,,biometrisch,ADJ.,268,1024,1,1.0
Biometrie,,biometr,ADJ.,268,0,0,
Biophilie,,biophil,ADJ.,1,4,1,1.0
Biophilie,,biophilisch,ADJ.,1,0,0,
Biopsie,,biops,ADJ.,627,0,0,
Biopsie,,biopsisch,ADJ.,627,0,0,
Blasphemie,,blasphemisch,ADJ.,323,169,1,1.0
Blasphemie,,blasphem,ADJ.,323,0,0,
Boogie,,boog,ADJ.,698,0,0,
Boogie,,boogisch,ADJ.,698,0,0,
Borrelie,,borrel,ADJ.,230,0,0,
Borrelie,,borrelisch,ADJ.,230,0,0,
Bourgeoisie,,bourgeois,ADJ.,1008,117,1,1.0
Bourgeoisie,,bourgeoisisch,ADJ.,1008,0,0,
Brasserie,,brasser,ADJ.,178,0,0,
Brasserie,,brasserisch,ADJ.,178,0,0,
Brie,,br,ADJ.,179,0,0,
Brie,,brisch,ADJ.,179,0,0,
Bronchie,,bronch,ADJ.,592,0,0,
Bronchie,,bronchisch,ADJ.,592,0,0,
Bulimie,,bulim,ADJ.,535,0,0,
Bulimie,,bulimisch,ADJ.,535,0,0,
Bürokratie,,bürokratisch,ADJ.,2817,2442,1,1.0
Bürokratie,,bürokrat,ADJ.,2817,0,0,
Chemie,,chemisch,ADJ.,11699,14177,1,1.0
Chemie,,chem,ADJ.,11699,0,0,
Chemikalie,,chemikal,ADJ.,3249,0,0,
Chemikalie,,chemikalisch,ADJ.,3249,0,0,
Chemotherapie,,chemotherap,ADJ.,2229,0,0,
Chemotherapie,,chemotherapisch,ADJ.,2229,0,0,
Chirurgie,,chirurgisch,ADJ.,2689,2727,1,1.0
Chirurgie,,chirurg,ADJ.,2689,0,0,
Choreografie,,choreografisch,ADJ.,838,144,1,1.0
Choreografie,,choreograf,ADJ.,838,0,0,
Choreographie,,choreographisch,ADJ.,1340,137,1,1.0
Choreographie,,choreograph,ADJ.,1340,0,0,
Chromatographie,,chromatographisch,ADJ.,74,0,0,
Chromatographie,,chromatograph,ADJ.,74,0,0,
Chronobiologie,,chronobiologisch,ADJ.,51,16,1,1.0
Chronobiologie,,chronobiolog,ADJ.,51,0,0,
Chronologie,,chronologisch,ADJ.,1056,2575,1,1.0
Chronologie,,chronolog,ADJ.,1056,0,0,
Clownerie,,clowner,ADJ.,167,0,0,
Clownerie,,clownerisch,ADJ.,167,0,0,
Collie,,coll,ADJ.,784,0,0,
Collie,,collisch,ADJ.,784,0,0,
Confiserie,,confiser,ADJ.,151,0,0,
Confiserie,,confiserisch,ADJ.,151,0,0,
Cookie,,cook,ADJ.,6409,0,0,
Cookie,,cookisch,ADJ.,6409,0,0,
Daguerreotypie,,daguerreotyp,ADJ.,35,0,0,
Daguerreotypie,,daguerreotypisch,ADJ.,35,0,0,
Dahlie,,dahl,ADJ.,501,0,0,
Dahlie,,dahlisch,ADJ.,501,0,0,
Delphinarie,,delphinar,ADJ.,88,0,0,
Delphinarie,,delphinarisch,ADJ.,88,0,0,
Demagogie,,demagogisch,ADJ.,247,259,1,1.0
Demagogie,,demagog,ADJ.,247,0,0,
Demografie,,demografisch,ADJ.,315,3257,1,1.0
Demografie,,demograf,ADJ.,315,0,0,
Demographie,,demographisch,ADJ.,342,2745,1,1.0
Demographie,,demograph,ADJ.,342,0,0,
Demokratie,,demokratisch,ADJ.,30441,23128,1,1.0
Demokratie,,demokrat,ADJ.,30441,0,0,
Demoskopie,,demoskopisch,ADJ.,223,94,1,1.0
Demoskopie,,demoskop,ADJ.,223,0,0,
Dendrochronologie,,dendrochronologisch,ADJ.,78,70,1,1.0
Dendrochronologie,,dendrochronolog,ADJ.,78,0,0,
Deponie,,depon,ADJ.,1140,0,0,
Deponie,,deponisch,ADJ.,1140,0,0,
Dermatologie,,dermatologisch,ADJ.,443,321,1,1.0
Dermatologie,,dermatolog,ADJ.,443,0,0,
Destillerie,,destiller,ADJ.,197,0,0,
Destillerie,,destillerisch,ADJ.,197,0,0,
Devotionalie,,devotional,ADJ.,101,21,1,1.0
Devotionalie,,devotionalisch,ADJ.,101,0,0,
Diabetologie,,diabetologisch,ADJ.,137,72,1,1.0
Diabetologie,,diabetolog,ADJ.,137,0,0,
Diakonie,,diakonisch,ADJ.,3529,2670,1,1.0
Diakonie,,diakon,ADJ.,3529,0,0,
Dialektologie,,dialektologisch,ADJ.,55,11,1,1.0
Dialektologie,,dialektolog,ADJ.,55,0,0,
Dichotomie,,dichotomisch,ADJ.,237,0,0,
Dichotomie,,dichotom,ADJ.,237,0,0,
Dioptrie,,dioptr,ADJ.,254,0,0,
Dioptrie,,dioptrisch,ADJ.,254,0,0,
Diphterie,,diphter,ADJ.,90,0,0,
Diphterie,,diphterisch,ADJ.,90,0,0,
Diphtherie,,diphther,ADJ.,256,0,0,
Diphtherie,,diphtherisch,ADJ.,256,0,0,
Diplomatie,,diplomatisch,ADJ.,1143,3825,1,1.0
Diplomatie,,diplomat,ADJ.,1143,0,0,
Disharmonie,,disharmonisch,ADJ.,291,132,1,1.0
Disharmonie,,disharmon,ADJ.,291,0,0,
Dixie,,dix,ADJ.,30,0,0,
Dixie,,dixisch,ADJ.,30,0,0,
Donquichotterie,,donquichotter,ADJ.,6,0,0,
Donquichotterie,,donquichotterisch,ADJ.,6,0,0,
Dopplersonographie,,dopplersonographisch,ADJ.,33,0,0,
Dopplersonographie,,dopplersonograph,ADJ.,33,0,0,
Dramaturgie,,dramaturgisch,ADJ.,1262,1144,1,1.0
Dramaturgie,,dramaturg,ADJ.,1262,0,0,
Drogerie,,droger,ADJ.,917,0,0,
Drogerie,,drogerisch,ADJ.,917,0,0,
Dynastie,,dynastisch,ADJ.,1209,208,1,1.0
Dynastie,,dynast,ADJ.,1209,0,0,
Dyskalkulie,,dyskalkul,ADJ.,383,0,0,
Dyskalkulie,,dyskalkulisch,ADJ.,383,0,0,
Dystrophie,,dystroph,ADJ.,37,0,0,
Dystrophie,,dystrophisch,ADJ.,37,0,0,
Echokardiographie,,echokardiographisch,ADJ.,117,23,1,1.0
Echokardiographie,,echokardiograph,ADJ.,117,0,0,
Egomanie,,egomanisch,ADJ.,51,77,1,1.0
Egomanie,,egoman,ADJ.,51,47,1,
Einfamilie,,einfamil,ADJ.,78,0,0,
Einfamilie,,einfamilisch,ADJ.,78,0,0,
Ekklesiologie,,ekklesiologisch,ADJ.,77,0,0,
Ekklesiologie,,ekklesiolog,ADJ.,77,0,0,
Elegie,,elegisch,ADJ.,268,259,1,1.0
Elegie,,eleg,ADJ.,268,0,0,
Elektroenzephalografie,,elektroenzephalograf,ADJ.,3,0,0,
Elektroenzephalografie,,elektroenzephalografisch,ADJ.,3,0,0,
Embolie,,embol,ADJ.,187,0,0,
Embolie,,embolisch,ADJ.,187,0,0,
Embryologie,,embryologisch,ADJ.,67,11,1,1.0
Embryologie,,embryolog,ADJ.,67,0,0,
Empathie,,empathisch,ADJ.,1203,394,1,1.0
Empathie,,empath,ADJ.,1203,0,0,
Empirie,,empirisch,ADJ.,430,7958,1,1.0
Empirie,,empir,ADJ.,430,0,0,
Endokrinologie,,endokrinologisch,ADJ.,237,59,1,1.0
Endokrinologie,,endokrinolog,ADJ.,237,0,0,
Endoskopie,,endoskopisch,ADJ.,356,518,1,1.0
Endoskopie,,endoskop,ADJ.,356,0,0,
Energie,,energisch,ADJ.,71422,3231,1,1.0
Energie,,energ,ADJ.,70414,0,0,
Entomologie,,entomologisch,ADJ.,93,36,1,1.0
Entomologie,,entomolog,ADJ.,93,0,0,
Entropie,,entrop,ADJ.,535,0,0,
Entropie,,entropisch,ADJ.,535,0,0,
Enzyklopädie,,enzyklopädisch,ADJ.,2713,4,1,1.0
Enzyklopädie,,enzyklopäd,ADJ.,2713,0,0,
Epidemie,,epidemisch,ADJ.,941,161,1,1.0
Epidemie,,epidem,ADJ.,941,0,0,
Epidemiologie,,epidemiologisch,ADJ.,404,624,1,1.0
Epidemiologie,,epidemiolog,ADJ.,404,0,0,
Epilepsie,,epileps,ADJ.,1390,0,0,
Epilepsie,,epilepsisch,ADJ.,1390,0,0,
Epiphanie,,epiphan,ADJ.,82,0,0,
Epiphanie,,epiphanisch,ADJ.,82,0,0,
Epitaxie,,epitax,ADJ.,16,0,0,
Epitaxie,,epitaxisch,ADJ.,16,0,0,
Ergonomie,,ergonomisch,ADJ.,900,2332,1,1.0
Ergonomie,,ergonom,ADJ.,900,0,0,
Ergotherapie,,ergotherap,ADJ.,621,0,0,
Ergotherapie,,ergotherapisch,ADJ.,621,0,0,
Erstfamilie,,erstfamil,ADJ.,4,0,0,
Erstfamilie,,erstfamilisch,ADJ.,4,0,0,
Eschatologie,,eschatologisch,ADJ.,125,181,1,1.0
Eschatologie,,eschatolog,ADJ.,125,0,0,
Ethnie,,ethnisch,ADJ.,297,4271,1,1.0
Ethnie,,ethn,ADJ.,297,0,0,
Ethnografie,,ethnografisch,ADJ.,26,76,1,1.0
Ethnografie,,ethnograf,ADJ.,26,0,0,
Ethnologie,,ethnologisch,ADJ.,693,377,1,1.0
Ethnologie,,ethnolog,ADJ.,693,0,0,
Etymologie,,etymologisch,ADJ.,258,344,1,1.0
Etymologie,,etymolog,ADJ.,258,0,0,
Eucharistie,,eucharistisch,ADJ.,1220,497,1,1.0
Eucharistie,,eucharist,ADJ.,1220,0,0,
Euphorie,,euphorisch,ADJ.,2706,1644,1,1.0
Euphorie,,euphor,ADJ.,2706,0,0,
Eurythmie,,eurythm,ADJ.,136,0,0,
Eurythmie,,eurythmisch,ADJ.,136,0,0,
Euthanasie,,euthanas,ADJ.,863,0,0,
Euthanasie,,euthanasisch,ADJ.,863,0,0,
Evolutionstheorie,,evolutionstheor,ADJ.,978,0,0,
Evolutionstheorie,,evolutionstheorisch,ADJ.,978,0,0,
Fahrzeugindustrie,,fahrzeugindustr,ADJ.,72,0,0,
Fahrzeugindustrie,,fahrzeugindustrisch,ADJ.,72,0,0,
Fäkalie,,fäkal,ADJ.,281,61,1,1.0
Fäkalie,,fäkalisch,ADJ.,281,0,0,
Familie,,famil,ADJ.,140085,0,0,
Familie,,familisch,ADJ.,140085,0,0,
Fantasie,,fantas,ADJ.,5659,0,0,
Fantasie,,fantasisch,ADJ.,5659,0,0,
Fasanerie,,fasaner,ADJ.,179,0,0,
Fasanerie,,fasanerisch,ADJ.,179,0,0,
Fernsehserie,,fernsehser,ADJ.,1553,0,0,
Fernsehserie,,fernsehserisch,ADJ.,1553,0,0,
Filmografie,,filmograf,ADJ.,134,0,0,
Filmografie,,filmografisch,ADJ.,134,0,0,
Filmographie,,filmographisch,ADJ.,128,0,0,
Filmographie,,filmograph,ADJ.,128,0,0,
Fluglinie,,fluglin,ADJ.,728,0,0,
Fluglinie,,fluglinisch,ADJ.,728,0,0,
Folie,,fol,ADJ.,9816,0,0,
Folie,,folisch,ADJ.,9816,0,0,
Formalie,,formal,ADJ.,316,8322,1,1.0
Formalie,,formalisch,ADJ.,316,0,0,
Fotogalerie,,fotogaler,ADJ.,1399,0,0,
Fotogalerie,,fotogalerisch,ADJ.,1399,0,0,
Fotografie,,fotografisch,ADJ.,10904,2717,1,1.0
Fotografie,,fotograf,ADJ.,10904,0,0,
Fotographie,,fotographisch,ADJ.,245,75,1,1.0
Fotographie,,fotograph,ADJ.,245,0,0,
Frauenstudie,,frauenstud,ADJ.,40,0,0,
Frauenstudie,,frauenstudisch,ADJ.,40,0,0,
frei,,frisch,ADJ.,0,49723,1,1.0
frei,,fr,ADJ.,0,0,0,
Freie,,fre,ADJ.,6851,0,0,
Freie,,freisch,ADJ.,6851,0,0,
Fuchsie,,fuchsisch,ADJ.,125,1,1,1.0
Fuchsie,,fuchs,ADJ.,125,0,0,
Furie,,fur,ADJ.,292,0,0,
Furie,,furisch,ADJ.,292,0,0,
Galanterie,,galanter,ADJ.,41,0,0,
Galanterie,,galanterisch,ADJ.,41,0,0,
Galaxie,,galax,ADJ.,3426,0,0,
Galaxie,,galaxisch,ADJ.,3426,0,0,
Galerie,,galer,ADJ.,13842,0,0,
Galerie,,galerisch,ADJ.,13842,0,0,
Gallerie,,galler,ADJ.,958,0,0,
Gallerie,,gallerisch,ADJ.,958,0,0,
Garantie,,garant,ADJ.,16245,0,0,
Garantie,,garantisch,ADJ.,16245,0,0,
Gardenie,,garden,ADJ.,27,0,0,
Gardenie,,gardenisch,ADJ.,27,0,0,
Gastfamilie,,gastfamil,ADJ.,2433,0,0,
Gastfamilie,,gastfamilisch,ADJ.,2433,0,0,
Gastroenterologie,,gastroenterologisch,ADJ.,258,0,0,
Gastroenterologie,,gastroenterolog,ADJ.,258,0,0,
Gastronomie,,gastronomisch,ADJ.,5557,1478,1,1.0
Gastronomie,,gastronom,ADJ.,5557,0,0,
Gastroskopie,,gastroskopisch,ADJ.,71,2,1,1.0
Gastroskopie,,gastroskop,ADJ.,71,0,0,
Gegenserie,,gegenser,ADJ.,0,0,0,
Gegenserie,,gegenserisch,ADJ.,0,0,0,
Gegenstrategie,,gegenstrateg,ADJ.,190,0,0,
Gegenutopie,,gegenutop,ADJ.,1,0,0,
Gegenutopie,,gegenutopisch,ADJ.,1,0,0,
Gendarmerie,,gendarmer,ADJ.,248,0,0,
Gendarmerie,,gendarmerisch,ADJ.,248,0,0,
Genealogie,,genealogisch,ADJ.,526,514,1,1.0
Genealogie,,genealog,ADJ.,526,0,0,
Generalie,,general,ADJ.,1,60,1,1.0
Generalie,,generalisch,ADJ.,1,0,0,
Genie,,gen,ADJ.,2866,0,0,
Genie,,genisch,ADJ.,2866,0,0,
Geografie,,geografisch,ADJ.,450,2204,1,1.0
Geografie,,geograf,ADJ.,450,0,0,
Geographie,,geographisch,ADJ.,2200,4498,1,1.0
Geographie,,geograph,ADJ.,2200,0,0,
Geologie,,geologisch,ADJ.,1278,2840,1,1.0
Geologie,,geolog,ADJ.,1278,0,0,
Geomantie,,geomantisch,ADJ.,127,61,1,1.0
Geomantie,,geomant,ADJ.,127,0,0,
Geometrie,,geometrisch,ADJ.,2321,2584,1,1.0
Geometrie,,geometr,ADJ.,2321,0,0,
Geomorphologie,,geomorphologisch,ADJ.,68,78,1,1.0
Geomorphologie,,geomorpholog,ADJ.,68,0,0,
Geranie,,geran,ADJ.,279,0,0,
Geranie,,geranisch,ADJ.,279,0,0,
Geriatrie,,geriatrisch,ADJ.,410,539,1,1.0
Geriatrie,,geriatr,ADJ.,410,0,0,
Gerontokratie,,gerontokratisch,ADJ.,11,4,1,1.0
Gerontokratie,,gerontokrat,ADJ.,11,0,0,
Gerontologie,,gerontologisch,ADJ.,290,71,1,1.0
Gerontologie,,gerontolog,ADJ.,290,0,0,
Geschreie,,geschre,ADJ.,110,0,0,
Geschreie,,geschreisch,ADJ.,110,0,0,
Gigantomanie,,gigantomanisch,ADJ.,62,33,1,1.0
Gigantomanie,,gigantoman,ADJ.,62,0,0,
Glorie,,glor,ADJ.,157,0,0,
Glorie,,glorisch,ADJ.,157,0,0,
Goalie,,goal,ADJ.,519,0,0,
Goalie,,goalisch,ADJ.,519,0,0,
Grafie,,grafisch,ADJ.,1,7100,1,1.0
Grafie,,graf,ADJ.,1,0,0,
Graphie,,graphisch,ADJ.,13,4240,1,1.0
Graphie,,graph,ADJ.,13,0,0,
Grazie,,graz,ADJ.,520,0,0,
Grazie,,grazisch,ADJ.,520,0,0,
Groupie,,group,ADJ.,400,0,0,
Groupie,,groupisch,ADJ.,400,0,0,
Gruftie,,gruft,ADJ.,88,0,0,
Gruftie,,gruftisch,ADJ.,88,0,0,
Gynäkologie,,gynäkologisch,ADJ.,799,586,1,1.0
Gynäkologie,,gynäkolog,ADJ.,799,0,0,
Hämatologie,,hämatologisch,ADJ.,1,0,0,
Hämatologie,,hämatolog,ADJ.,1,0,0,
Häresie,,häres,ADJ.,277,0,0,
Häresie,,häresisch,ADJ.,277,0,0,
Harmonie,,harmonisch,ADJ.,6372,9204,1,1.0
Harmonie,,harmon,ADJ.,6372,0,0,
Havarie,,havar,ADJ.,317,0,0,
Havarie,,havarisch,ADJ.,317,0,0,
Hebephrenie,,hebephren,ADJ.,3,0,0,
Hebephrenie,,hebephrenisch,ADJ.,3,0,0,
Hegemonie,,hegemonisch,ADJ.,690,5,1,1.0
Hegemonie,,hegemon,ADJ.,690,0,0,
Herpetologie,,herpetologisch,ADJ.,49,17,1,1.0
Herpetologie,,herpetolog,ADJ.,49,0,0,
Heterophyllie,,heterophyll,ADJ.,2,0,0,
Heterophyllie,,heterophyllisch,ADJ.,2,0,0,
Hierarchie,,hierarchisch,ADJ.,3085,1950,1,1.0
Hierarchie,,hierarch,ADJ.,3085,0,0,
Hinterpartie,,hinterpart,ADJ.,13,0,0,
Hinterpartie,,hinterpartisch,ADJ.,13,0,0,
Hippie,,hipp,ADJ.,845,555,1,1.0
Hippie,,hippisch,ADJ.,845,1,1,
Histologie,,histologisch,ADJ.,173,543,1,1.0
Histologie,,histolog,ADJ.,173,0,0,
Historie,,historisch,ADJ.,3067,56550,1,1.0
Historie,,histor,ADJ.,3067,0,0,
Historiografie,,historiografisch,ADJ.,48,37,1,1.0
Historiografie,,historiograf,ADJ.,48,0,0,
Historiographie,,historiographisch,ADJ.,211,155,1,1.0
Historiographie,,historiograph,ADJ.,211,0,0,
Holographie,,holographisch,ADJ.,39,179,1,1.0
Holographie,,holograph,ADJ.,39,0,0,
Homie,,homisch,ADJ.,79,2,1,1.0
Homie,,hom,ADJ.,79,0,0,
Homoeopathie,,homoeopath,ADJ.,22,0,0,
Homoeopathie,,homoeopathisch,ADJ.,22,0,0,
Homologie,,homolog,ADJ.,61,216,1,1.0
Homologie,,homologisch,ADJ.,61,2,1,
Homöopathie,,homöopathisch,ADJ.,3625,3398,1,1.0
Homöopathie,,homöopath,ADJ.,3625,0,0,
Hortensie,,hortens,ADJ.,219,0,0,
Hortensie,,hortensisch,ADJ.,219,0,0,
Hostie,,host,ADJ.,374,0,0,
Hostie,,hostisch,ADJ.,374,0,0,
Hotellerie,,hoteller,ADJ.,943,0,0,
Hotellerie,,hotellerisch,ADJ.,943,0,0,
Humoralpathologie,,humoralpathologisch,ADJ.,18,9,1,1.0
Humoralpathologie,,humoralpatholog,ADJ.,18,0,0,
Hydrologie,,hydrologisch,ADJ.,136,246,1,1.0
Hydrologie,,hydrolog,ADJ.,136,0,0,
Hymnologie,,hymnologisch,ADJ.,12,0,0,
Hymnologie,,hymnolog,ADJ.,12,0,0,
Hypertonie,,hypertonisch,ADJ.,692,9,1,1.0
Hypertonie,,hyperton,ADJ.,692,0,0,
Hypertrophie,,hypertroph,ADJ.,141,98,1,1.0
Hypertrophie,,hypertrophisch,ADJ.,141,14,1,
Hypnotherapie,,hypnotherap,ADJ.,252,0,0,
Hypnotherapie,,hypnotherapisch,ADJ.,252,0,0,
Hypothermie,,hypothermisch,ADJ.,49,1,1,1.0
Hypothermie,,hypotherm,ADJ.,49,0,0,
Hypotonie,,hypotonisch,ADJ.,121,9,1,1.0
Hypotonie,,hypoton,ADJ.,121,0,0,
Hypoxie,,hypox,ADJ.,102,0,0,
Hypoxie,,hypoxisch,ADJ.,102,0,0,
Hysterie,,hysterisch,ADJ.,1105,1525,1,1.0
Hysterie,,hyster,ADJ.,1105,0,0,
Ideologie,,ideologisch,ADJ.,6710,5398,1,1.0
Ideologie,,ideolog,ADJ.,6710,0,0,
Idiosynkrasie,,idiosynkras,ADJ.,45,0,0,
Idiosynkrasie,,idiosynkrasisch,ADJ.,45,0,0,
Idiotie,,idiotisch,ADJ.,232,829,1,1.0
Idiotie,,idiot,ADJ.,232,0,0,
Ikonografie,,ikonografisch,ADJ.,79,62,1,1.0
Ikonografie,,ikonograf,ADJ.,79,0,0,
Ikonographie,,ikonographisch,ADJ.,250,177,1,1.0
Ikonographie,,ikonograph,ADJ.,250,0,0,
Immobilie,,immobil,ADJ.,13881,165,1,1.0
Immobilie,,immobilisch,ADJ.,13881,0,0,
Immunologie,,immunologisch,ADJ.,315,502,1,1.0
Immunologie,,immunolog,ADJ.,315,0,0,
Implantologie,,implantologisch,ADJ.,420,110,1,1.0
Implantologie,,implantolog,ADJ.,420,0,0,
Indologie,,indologisch,ADJ.,57,7,1,1.0
Indologie,,indolog,ADJ.,57,0,0,
Industrie,,industr,ADJ.,25177,0,0,
Industrie,,industrisch,ADJ.,25177,0,0,
Infamie,,infam,ADJ.,37,270,1,1.0
Infamie,,infamisch,ADJ.,37,0,0,
Infanterie,,infanter,ADJ.,1481,0,0,
Infanterie,,infanterisch,ADJ.,1481,0,0,
Initialie,,initial,ADJ.,55,477,1,1.0
Initialie,,initialisch,ADJ.,55,0,0,
Insignie,,insign,ADJ.,345,0,0,
Insignie,,insignisch,ADJ.,345,0,0,
Interferometrie,,interferometr,ADJ.,30,0,0,
Interferometrie,,interferometrisch,ADJ.,30,0,0,
Ironie,,ironisch,ADJ.,5011,4229,1,1.0
Ironie,,iron,ADJ.,5011,0,0,
Jalousie,,jalous,ADJ.,1025,0,0,
Jalousie,,jalousisch,ADJ.,1025,0,0,
Japanologie,,japanologisch,ADJ.,194,9,1,1.0
Japanologie,,japanolog,ADJ.,194,0,0,
Jugendpsychiatrie,,jugendpsychiatrisch,ADJ.,423,90,1,1.0
Jugendpsychiatrie,,jugendpsychiatr,ADJ.,423,0,0,
Junkie,,junk,ADJ.,828,0,0,
Junkie,,junkisch,ADJ.,828,0,0,
Kakophonie,,kakophon,ADJ.,84,0,0,
Kakophonie,,kakophonisch,ADJ.,84,0,0,
Kalligrafie,,kalligrafisch,ADJ.,145,44,1,1.0
Kalligrafie,,kalligraf,ADJ.,145,0,0,
Kalligraphie,,kalligraphisch,ADJ.,275,61,1,1.0
Kalligraphie,,kalligraph,ADJ.,275,0,0,
Kalorie,,kalor,ADJ.,3329,0,0,
Kalorie,,kalorisch,ADJ.,3329,0,0,
Kamelie,,kamel,ADJ.,160,0,0,
Kamelie,,kamelisch,ADJ.,160,0,0,
Kardiographie,,kardiographisch,ADJ.,2,0,0,
Kardiographie,,kardiograph,ADJ.,2,0,0,
Kardiologie,,kardiologisch,ADJ.,577,314,1,1.0
Kardiologie,,kardiolog,ADJ.,577,0,0,
Karosserie,,karosser,ADJ.,2296,0,0,
Karosserie,,karosserisch,ADJ.,2296,0,0,
Kartografie,,kartografisch,ADJ.,84,79,1,1.0
Kartografie,,kartograf,ADJ.,84,0,0,
Kartographie,,kartographisch,ADJ.,311,269,1,1.0
Kartographie,,kartograph,ADJ.,311,0,0,
Kastanie,,kastan,ADJ.,1148,0,0,
Kastanie,,kastanisch,ADJ.,1148,0,0,
Kategorie,,kategorisch,ADJ.,37525,1529,1,1.0
Kategorie,,kategor,ADJ.,37525,0,0,
Kavallerie,,kavaller,ADJ.,809,0,0,
Kavallerie,,kavallerisch,ADJ.,809,0,0,
Kinesiologie,,kinesiologisch,ADJ.,622,221,1,1.0
Kinesiologie,,kinesiolog,ADJ.,622,0,0,
Klaustrophobie,,klaustrophobisch,ADJ.,94,177,1,1.0
Klaustrophobie,,klaustrophob,ADJ.,94,0,0,
Kleie,,kle,ADJ.,178,0,0,
Kleie,,kleisch,ADJ.,178,0,0,
Kleptomanie,,kleptomanisch,ADJ.,34,16,1,1.0
Kleptomanie,,kleptoman,ADJ.,34,0,0,
Klimatologie,,klimatologisch,ADJ.,111,85,1,1.0
Klimatologie,,klimatolog,ADJ.,111,0,0,
Knie,,kn,ADJ.,2371,0,0,
Knie,,knisch,ADJ.,2371,0,0,
Koketterie,,koketter,ADJ.,110,0,0,
Koketterie,,koketterisch,ADJ.,110,0,0,
Kolonie,,kolon,ADJ.,4348,0,0,
Kolonie,,kolonisch,ADJ.,4348,0,0,
Koloskopie,,koloskop,ADJ.,256,0,0,
Koloskopie,,koloskopisch,ADJ.,256,0,0,
Komödie,,komöd,ADJ.,5443,0,0,
Komödie,,komödisch,ADJ.,5443,0,0,
Kompagnie,,kompagn,ADJ.,158,0,0,
Kompagnie,,kompagnisch,ADJ.,158,0,0,
Kompanie,,kompan,ADJ.,1871,0,0,
Kompanie,,kompanisch,ADJ.,1871,0,0,
Kopie,,kop,ADJ.,13149,0,0,
Kopie,,kopisch,ADJ.,13149,0,0,
Kosmetologie,,kosmetologisch,ADJ.,37,0,0,
Kosmetologie,,kosmetolog,ADJ.,37,0,0,
Kosmologie,,kosmologisch,ADJ.,439,459,1,1.0
Kosmologie,,kosmolog,ADJ.,439,0,0,
Kriminologie,,kriminologisch,ADJ.,435,310,1,1.0
Kriminologie,,kriminolog,ADJ.,435,0,0,
Kryptografie,,kryptografisch,ADJ.,75,62,1,1.0
Kryptografie,,kryptograf,ADJ.,75,0,0,
Kryptographie,,kryptographisch,ADJ.,230,143,1,1.0
Kryptographie,,kryptograph,ADJ.,230,0,0,
Kryptologie,,kryptologisch,ADJ.,71,24,1,1.0
Kryptologie,,kryptolog,ADJ.,71,0,0,
Kurie,,kurisch,ADJ.,409,195,1,1.0
Kurie,,kur,ADJ.,409,0,0,
Kynologie,,kynologisch,ADJ.,33,0,0,
Kynologie,,kynolog,ADJ.,33,0,0,
Laie,,la,ADJ.,8607,0,0,
Laie,,laisch,ADJ.,8607,0,0,
Lakonie,,lakonisch,ADJ.,45,710,1,1.0
Lakonie,,lakon,ADJ.,45,0,0,
Lappalie,,lappal,ADJ.,231,0,0,
Lappalie,,lappalisch,ADJ.,231,0,0,
Legasthenie,,legasthenisch,ADJ.,565,46,1,1.0
Legasthenie,,legasthen,ADJ.,565,0,0,
Lethargie,,lethargisch,ADJ.,506,248,1,1.0
Lethargie,,letharg,ADJ.,506,0,0,
Leukämie,,leukäm,ADJ.,1271,0,0,
Leukämie,,leukämisch,ADJ.,1271,0,0,
Lexikographie,,lexikographisch,ADJ.,71,72,1,1.0
Lexikographie,,lexikograph,ADJ.,71,0,0,
Lieblingsserie,,lieblingsser,ADJ.,350,0,0,
Lieblingsserie,,lieblingsserisch,ADJ.,350,0,0,
Lilie,,lil,ADJ.,1040,0,0,
Lilie,,lilisch,ADJ.,1040,0,0,
Limnologie,,limnologisch,ADJ.,29,28,1,1.0
Limnologie,,limnolog,ADJ.,29,0,0,
Lingerie,,linger,ADJ.,247,0,0,
Lingerie,,lingerisch,ADJ.,247,0,0,
Linie,,lin,ADJ.,50990,0,0,
Linie,,linisch,ADJ.,50990,0,0,
Lithografie,,lithografisch,ADJ.,136,7,1,1.0
Lithografie,,lithograf,ADJ.,136,0,0,
Lithographie,,lithographisch,ADJ.,422,66,1,1.0
Lithographie,,lithograph,ADJ.,422,0,0,
Liturgie,,liturgisch,ADJ.,2198,1744,1,1.0
Liturgie,,liturg,ADJ.,2198,0,0,
Logopädie,,logopädisch,ADJ.,401,78,1,1.0
Logopädie,,logopäd,ADJ.,401,0,0,
Lotterie,,lotter,ADJ.,715,0,0,
Lotterie,,lotterisch,ADJ.,715,0,0,
Magie,,magisch,ADJ.,7526,11053,1,1.0
Magie,,mag,ADJ.,7526,0,0,
Magnolie,,magnol,ADJ.,212,0,0,
Magnolie,,magnolisch,ADJ.,212,0,0,
Mammographie,,mammographisch,ADJ.,349,0,0,
Mammographie,,mammograph,ADJ.,349,0,0,
Manie,,manisch,ADJ.,290,520,1,1.0
Manie,,man,ADJ.,290,0,0,
Manometerie,,manometer,ADJ.,0,0,0,
Manometerie,,manometerisch,ADJ.,0,0,0,
Marginalie,,marginal,ADJ.,339,1571,1,1.0
Marginalie,,marginalisch,ADJ.,339,0,0,
Maschinerie,,maschiner,ADJ.,551,0,0,
Maschinerie,,maschinerisch,ADJ.,551,0,0,
Materie,,mater,ADJ.,9585,0,0,
Materie,,materisch,ADJ.,9585,0,0,
Maxie,,max,ADJ.,89,0,0,
Maxie,,maxisch,ADJ.,89,0,0,
Melancholie,,melancholisch,ADJ.,1633,2504,1,1.0
Melancholie,,melanchol,ADJ.,1633,0,0,
Melodie,,melodisch,ADJ.,8575,2065,1,1.0
Melodie,,melod,ADJ.,8575,0,0,
Memorabilie,,memorabil,ADJ.,61,0,0,
Memorabilie,,memorabilisch,ADJ.,61,0,0,
Menagerie,,menager,ADJ.,92,0,0,
Menagerie,,menagerisch,ADJ.,92,0,0,
Metallurgie,,metallurgisch,ADJ.,120,115,1,1.0
Metallurgie,,metallurg,ADJ.,120,0,0,
Metastudie,,metastud,ADJ.,31,0,0,
Metastudie,,metastudisch,ADJ.,31,0,0,
Meteorologie,,meteorologisch,ADJ.,524,823,1,1.0
Meteorologie,,meteorolog,ADJ.,524,0,0,
Meteoronomie,,meteoronom,ADJ.,0,0,0,
Meteoronomie,,meteoronomisch,ADJ.,0,0,0,
Methodologie,,methodologisch,ADJ.,324,455,1,1.0
Methodologie,,methodolog,ADJ.,324,0,0,
Metrie,,metrisch,ADJ.,0,726,1,1.0
Metrie,,metr,ADJ.,0,0,0,
Mikroskopie,,mikroskopisch,ADJ.,209,1186,1,1.0
Mikroskopie,,mikroskop,ADJ.,209,0,0,
Mineralogie,,mineralogisch,ADJ.,233,172,1,1.0
Mineralogie,,mineralog,ADJ.,233,0,0,
Molekularbiologie,,molekularbiologisch,ADJ.,421,386,1,1.0
Molekularbiologie,,molekularbiolog,ADJ.,421,0,0,
Monarchie,,monarchisch,ADJ.,1834,193,1,1.0
Monarchie,,monarch,ADJ.,1834,0,0,
Monogamie,,monogam,ADJ.,193,245,1,1.0
Monogamie,,monogamisch,ADJ.,193,0,0,
Monografie,,monografisch,ADJ.,231,41,1,1.0
Monografie,,monograf,ADJ.,231,0,0,
Monographie,,monographisch,ADJ.,973,83,1,1.0
Monographie,,monograph,ADJ.,973,0,0,
Monophonie,,monophon,ADJ.,2,59,1,1.0
Monophonie,,monophonisch,ADJ.,2,1,1,
Monotonie,,monoton,ADJ.,446,1507,1,1.0
Monotonie,,monotonisch,ADJ.,446,0,0,
Morphologie,,morphologisch,ADJ.,544,836,1,1.0
Morphologie,,morpholog,ADJ.,544,0,0,
Movie,,mov,ADJ.,2804,0,0,
Movie,,movisch,ADJ.,2804,0,0,
Mumie,,mum,ADJ.,1022,0,0,
Mumie,,mumisch,ADJ.,1022,0,0,
Mykologie,,mykologisch,ADJ.,101,30,1,1.0
Mykologie,,mykolog,ADJ.,101,0,0,
Mythologie,,mythologisch,ADJ.,2365,807,1,1.0
Mythologie,,mytholog,ADJ.,2365,0,0,
Naturalie,,natural,ADJ.,272,1500,1,1.0
Naturalie,,naturalisch,ADJ.,272,0,0,
Nebenlinie,,nebenlin,ADJ.,108,0,0,
Nebenlinie,,nebenlinisch,ADJ.,108,0,0,
Nekromantie,,nekromant,ADJ.,43,0,0,
Nekromantie,,nekromantisch,ADJ.,43,0,0,
Nekrophilie,,nekrophil,ADJ.,48,39,1,1.0
Nekrophilie,,nekrophilisch,ADJ.,48,0,0,
Neonatologie,,neonatologisch,ADJ.,127,31,1,1.0
Neonatologie,,neonatolog,ADJ.,127,0,0,
Neuralgie,,neuralgisch,ADJ.,108,226,1,1.0
Neuralgie,,neuralg,ADJ.,108,0,0,
Neurasthenie,,neurasthen,ADJ.,30,0,0,
Neurasthenie,,neurasthenisch,ADJ.,30,0,0,
Neurobiologie,,neurobiologisch,ADJ.,298,253,1,1.0
Neurobiologie,,neurobiolog,ADJ.,298,0,0,
Neurochirurgie,,neurochirurgisch,ADJ.,347,163,1,1.0
Neurochirurgie,,neurochirurg,ADJ.,347,0,0,
Neurologie,,neurologisch,ADJ.,1047,1889,1,1.0
Neurologie,,neurolog,ADJ.,1047,0,0,
Neuropathologie,,neuropathologisch,ADJ.,56,25,1,1.0
Neuropathologie,,neuropatholog,ADJ.,56,0,0,
Neuropsychologie,,neuropsychologisch,ADJ.,202,226,1,1.0
Neuropsychologie,,neuropsycholog,ADJ.,202,0,0,
Neurotheologie,,neurotheolog,ADJ.,12,0,0,
Newbie,,newb,ADJ.,756,0,0,
Newbie,,newbisch,ADJ.,756,0,0,
Nostalgie,,nostalgisch,ADJ.,1092,1807,1,1.0
Nostalgie,,nostalg,ADJ.,1092,0,0,
Nymphie,,nymphisch,ADJ.,355,9,1,1.0
Nymphie,,nymph,ADJ.,355,0,0,
Nymphomanie,,nymphomanisch,ADJ.,40,31,1,1.0
Nymphomanie,,nymphoman,ADJ.,40,31,1,
Oberkategorie,,oberkategor,ADJ.,20,0,0,
Oberkategorie,,oberkategorisch,ADJ.,20,0,0,
Oberlinie,,oberlin,ADJ.,61,0,0,
Oberlinie,,oberlinisch,ADJ.,61,0,0,
Ökologie,,ökologisch,ADJ.,3099,19095,1,1.0
Ökologie,,ökolog,ADJ.,3099,0,0,
Ökonometrie,,ökonometr,ADJ.,52,0,0,
Ökonometrie,,ökonometrisch,ADJ.,52,0,0,
Ökonomie,,ökonomisch,ADJ.,4720,15663,1,1.0
Ökonomie,,ökonom,ADJ.,4720,0,0,
Oldie,,old,ADJ.,1468,0,0,
Oldie,,oldisch,ADJ.,1468,0,0,
Oligarchie,,oligarchisch,ADJ.,234,76,1,1.0
Oligarchie,,oligarch,ADJ.,234,0,0,
Onkologie,,onkologisch,ADJ.,884,608,1,1.0
Onkologie,,onkolog,ADJ.,884,0,0,
Ontologie,,ontologisch,ADJ.,417,528,1,1.0
Ontologie,,ontolog,ADJ.,417,0,0,
Ophthalmologie,,ophthalmologisch,ADJ.,50,0,0,
Ophthalmologie,,ophthalmolog,ADJ.,50,0,0,
Orangerie,,oranger,ADJ.,447,0,0,
Orangerie,,orangerisch,ADJ.,447,0,0,
Orgie,,org,ADJ.,486,0,0,
Orgie,,orgisch,ADJ.,486,0,0,
Originalie,,original,ADJ.,5,68210,1,1.0
Originalie,,originalisch,ADJ.,5,0,0,
Orthodoxie,,orthodox,ADJ.,448,2827,1,1.0
Orthodoxie,,orthodoxisch,ADJ.,448,0,0,
Orthografie,,orthografisch,ADJ.,119,96,1,1.0
Orthografie,,orthograf,ADJ.,119,0,0,
Orthographie,,orthographisch,ADJ.,352,399,1,1.0
Orthographie,,orthograph,ADJ.,352,0,0,
Orthopädie,,orthopädisch,ADJ.,1149,1516,1,1.0
Orthopädie,,orthopäd,ADJ.,1149,0,0,
Ostalgie,,ostalgisch,ADJ.,89,17,1,1.0
Ostalgie,,ostalg,ADJ.,89,0,0,
Paartherapie,,paartherap,ADJ.,324,0,0,
Paartherapie,,paartherapisch,ADJ.,324,0,0,
Pädiatrie,,pädiatrisch,ADJ.,274,362,1,1.0
Pädiatrie,,pädiatr,ADJ.,274,0,0,
Pädophilie,,pädophil,ADJ.,361,0,0,
Pädophilie,,pädophilisch,ADJ.,361,0,0,
Paläontologie,,paläontologisch,ADJ.,210,146,1,1.0
Paläontologie,,paläontolog,ADJ.,210,0,0,
Pandemie,,pandemisch,ADJ.,531,35,1,1.0
Pandemie,,pandem,ADJ.,531,0,0,
Papeterie,,papeter,ADJ.,71,0,0,
Papeterie,,papeterisch,ADJ.,71,0,0,
Paradoxie,,paradox,ADJ.,455,1882,1,1.0
Paradoxie,,paradoxisch,ADJ.,455,0,0,
Parfümerie,,parfümer,ADJ.,344,0,0,
Parfümerie,,parfümerisch,ADJ.,344,0,0,
Parochie,,paroch,ADJ.,78,0,0,
Parochie,,parochisch,ADJ.,78,0,0,
Parodie,,parod,ADJ.,1449,0,0,
Parodie,,parodisch,ADJ.,1449,0,0,
Partie,,part,ADJ.,26103,0,0,
Partie,,partisch,ADJ.,26103,0,0,
Pathie,,pathisch,ADJ.,3,22,1,1.0
Pathie,,path,ADJ.,3,0,0,
Pathologie,,pathologisch,ADJ.,763,1547,1,1.0
Pathologie,,patholog,ADJ.,763,0,0,
Pathophysiologie,,pathophysiologisch,ADJ.,115,98,1,1.0
Pathophysiologie,,pathophysiolog,ADJ.,115,0,0,
Patisserie,,patisser,ADJ.,77,0,0,
Patisserie,,patisserisch,ADJ.,77,0,0,
Pedanterie,,pedanter,ADJ.,68,0,0,
Pedanterie,,pedanterisch,ADJ.,68,0,0,
Peripherie,,peripher,ADJ.,1518,1573,1,1.0
Peripherie,,peripherisch,ADJ.,1518,10,1,
Personalie,,personal,ADJ.,423,2263,1,1.0
Personalie,,personalisch,ADJ.,423,0,0,
Petersilie,,petersil,ADJ.,2335,0,0,
Petersilie,,petersilisch,ADJ.,2335,0,0,
Petrochemie,,petrochemisch,ADJ.,114,144,1,1.0
Petrochemie,,petrochem,ADJ.,114,0,0,
Petunie,,petun,ADJ.,82,0,0,
Petunie,,petunisch,ADJ.,82,0,0,
Pflegefamilie,,pflegefamil,ADJ.,689,0,0,
Pflegefamilie,,pflegefamilisch,ADJ.,689,0,0,
Phänomenologie,,phänomenologisch,ADJ.,672,513,1,1.0
Phänomenologie,,phänomenolog,ADJ.,672,0,0,
Phantasie,,phantas,ADJ.,7858,0,0,
Phantasie,,phantasisch,ADJ.,7858,0,0,
Pharmakologie,,pharmakologisch,ADJ.,412,558,1,1.0
Pharmakologie,,pharmakolog,ADJ.,412,0,0,
Pharmazie,,pharmaz,ADJ.,765,0,0,
Pharmazie,,pharmazisch,ADJ.,765,0,0,
Philanthropie,,philanthropisch,ADJ.,50,78,1,1.0
Philanthropie,,philanthrop,ADJ.,50,0,0,
Philharmonie,,philharmonisch,ADJ.,1244,364,1,1.0
Philharmonie,,philharmon,ADJ.,1244,0,0,
Philologie,,philologisch,ADJ.,1086,416,1,1.0
Philologie,,philolog,ADJ.,1086,0,0,
Philosophie,,philosophisch,ADJ.,19198,9293,1,1.0
Philosophie,,philosoph,ADJ.,19198,0,0,
Phobie,,phob,ADJ.,838,0,0,
Phobie,,phobisch,ADJ.,838,0,0,
Phonologie,,phonologisch,ADJ.,103,260,1,1.0
Phonologie,,phonolog,ADJ.,103,0,0,
Photogrammetrie,,photogrammetrisch,ADJ.,95,52,1,1.0
Photogrammetrie,,photogrammetr,ADJ.,95,0,0,
Photographie,,photographisch,ADJ.,1274,413,1,1.0
Photographie,,photograph,ADJ.,1274,0,0,
Phraseologie,,phraseologisch,ADJ.,150,140,1,1.0
Phraseologie,,phraseolog,ADJ.,150,0,0,
Phrenologie,,phrenologisch,ADJ.,15,0,0,
Phrenologie,,phrenolog,ADJ.,15,0,0,
Physiologie,,physiologisch,ADJ.,954,2633,1,1.0
Physiologie,,physiolog,ADJ.,954,0,0,
Physiotherapie,,physiotherap,ADJ.,1664,0,0,
Physiotherapie,,physiotherapisch,ADJ.,1664,0,0,
Pinie,,pin,ADJ.,386,0,0,
Pinie,,pinisch,ADJ.,386,0,0,
Piraterie,,pirater,ADJ.,544,0,0,
Piraterie,,piraterisch,ADJ.,544,0,0,
Pistazie,,pistaz,ADJ.,288,0,0,
Pistazie,,pistazisch,ADJ.,288,0,0,
Planie,,plan,ADJ.,16,0,0,
Planie,,planisch,ADJ.,16,0,0,
Plastie,,plastisch,ADJ.,1,3484,1,1.0
Plastie,,plast,ADJ.,1,0,0,
Plastikfolie,,plastikfol,ADJ.,316,0,0,
Plastikfolie,,plastikfolisch,ADJ.,316,0,0,
Pneumonie,,pneumon,ADJ.,301,0,0,
Pneumonie,,pneumonisch,ADJ.,301,0,0,
Poesie,,poes,ADJ.,3171,0,0,
Poesie,,poesisch,ADJ.,3171,0,0,
Politologie,,politologisch,ADJ.,169,46,1,1.0
Politologie,,politolog,ADJ.,169,0,0,
Polygamie,,polygam,ADJ.,202,64,1,1.0
Polygamie,,polygamisch,ADJ.,202,0,0,
Polyphonie,,polyphon,ADJ.,137,361,1,1.0
Polyphonie,,polyphonisch,ADJ.,137,0,0,
Polysemie,,polysem,ADJ.,24,0,0,
Polysemie,,polysemisch,ADJ.,24,0,0,
Polyurie,,polyur,ADJ.,46,0,0,
Polyurie,,polyurisch,ADJ.,46,0,0,
Pornografie,,pornografisch,ADJ.,474,507,1,1.0
Pornografie,,pornograf,ADJ.,474,0,0,
Pornographie,,pornographisch,ADJ.,616,732,1,1.0
Pornographie,,pornograph,ADJ.,616,0,0,
Portemonnaie,,portemonna,ADJ.,1265,0,0,
Portemonnaie,,portemonnaisch,ADJ.,1265,0,0,
Prämie,,präm,ADJ.,5043,0,0,
Prämie,,prämisch,ADJ.,5043,0,0,
Prärie,,prär,ADJ.,422,0,0,
Prärie,,prärisch,ADJ.,422,0,0,
Preisgarantie,,preisgarant,ADJ.,336,0,0,
Preisgarantie,,preisgarantisch,ADJ.,336,0,0,
Prophetie,,prophetisch,ADJ.,502,980,1,1.0
Prophetie,,prophet,ADJ.,502,0,0,
Prüderie,,prüder,ADJ.,123,0,0,
Prüderie,,prüderisch,ADJ.,123,0,0,
Pseudodemokratie,,pseudodemokratisch,ADJ.,9,22,1,1.0
Pseudodemokratie,,pseudodemokrat,ADJ.,9,0,0,
Psychiatrie,,psychiatrisch,ADJ.,3499,3237,1,1.0
Psychiatrie,,psychiatr,ADJ.,3499,0,0,
Psychologie,,psychologisch,ADJ.,9816,11118,1,1.0
Psychologie,,psycholog,ADJ.,9816,0,0,
Psychoonkologie,,psychoonkologisch,ADJ.,70,104,1,1.0
Psychoonkologie,,psychoonkolog,ADJ.,70,0,0,
Psychopathologie,,psychopathologisch,ADJ.,188,123,1,1.0
Psychopathologie,,psychopatholog,ADJ.,188,0,0,
Psychotherapie,,psychotherap,ADJ.,7051,0,0,
Psychotherapie,,psychotherapisch,ADJ.,7051,0,0,
Pyromanie,,pyromanisch,ADJ.,17,17,1,1.0
Pyromanie,,pyroman,ADJ.,17,3,1,
Radiologie,,radiologisch,ADJ.,667,714,1,1.0
Radiologie,,radiolog,ADJ.,667,0,0,
Raffinerie,,raffiner,ADJ.,635,0,0,
Raffinerie,,raffinerisch,ADJ.,635,0,0,
Raubkopie,,raubkop,ADJ.,1239,0,0,
Raubkopie,,raubkopisch,ADJ.,1239,0,0,
Rauchfreie,,rauchfre,ADJ.,9,0,0,
Rauchfreie,,rauchfreisch,ADJ.,9,0,0,
Realie,,real,ADJ.,75,25786,1,1.0
Realie,,realisch,ADJ.,75,0,0,
Regie,,reg,ADJ.,10343,0,0,
Regie,,regisch,ADJ.,10343,0,0,
Reliquie,,reliqu,ADJ.,992,0,0,
Reliquie,,reliquisch,ADJ.,992,0,0,
Repressalie,,repressal,ADJ.,569,0,0,
Repressalie,,repressalisch,ADJ.,569,0,0,
Rhapsodie,,rhapsodisch,ADJ.,98,24,1,1.0
Rhapsodie,,rhapsod,ADJ.,98,0,0,
Rheumatologie,,rheumatologisch,ADJ.,301,100,1,1.0
Rheumatologie,,rheumatolog,ADJ.,301,0,0,
Richtlinie,,richtlin,ADJ.,17018,0,0,
Richtlinie,,richtlinisch,ADJ.,17018,0,0,
Roadmovie,,roadmov,ADJ.,331,0,0,
Roadmovie,,roadmovisch,ADJ.,331,0,0,
Rückgarantie,,rückgarant,ADJ.,1,0,0,
Rückgarantie,,rückgarantisch,ADJ.,1,0,0,
Rückserie,,rückser,ADJ.,148,0,0,
Rückserie,,rückserisch,ADJ.,148,0,0,
Rupie,,rup,ADJ.,336,0,0,
Rupie,,rupisch,ADJ.,336,0,0,
Scharlatanerie,,scharlataner,ADJ.,150,0,0,
Scharlatanerie,,scharlatanerisch,ADJ.,150,0,0,
Schizophrenie,,schizophren,ADJ.,1323,913,1,1.0
Schizophrenie,,schizophrenisch,ADJ.,1323,0,0,
Schleie,,schle,ADJ.,308,0,0,
Schleie,,schleisch,ADJ.,308,0,0,
Schwindelfreie,,schwindelfre,ADJ.,25,0,0,
Schwindelfreie,,schwindelfreisch,ADJ.,25,0,0,
Scrapie,,scrap,ADJ.,48,0,0,
Scrapie,,scrapisch,ADJ.,48,0,0,
Seismologie,,seismologisch,ADJ.,38,37,1,1.0
Seismologie,,seismolog,ADJ.,38,0,0,
Sellerie,,seller,ADJ.,709,0,0,
Sellerie,,sellerisch,ADJ.,709,0,0,
Serie,,ser,ADJ.,48332,0,0,
Serie,,serisch,ADJ.,48332,0,0,
Serigraphie,,serigraphisch,ADJ.,17,0,0,
Serigraphie,,serigraph,ADJ.,17,0,0,
Serologie,,serologisch,ADJ.,34,187,1,1.0
Serologie,,serolog,ADJ.,34,0,0,
Sinfonie,,sinfonisch,ADJ.,1616,399,1,1.0
Sinfonie,,sinfon,ADJ.,1616,0,0,
Singakademie,,singakadem,ADJ.,66,0,0,
Singakademie,,singakademisch,ADJ.,66,0,0,
Sinologie,,sinologisch,ADJ.,164,22,1,1.0
Sinologie,,sinolog,ADJ.,164,0,0,
Sklerodermie,,skleroderm,ADJ.,90,0,0,
Sklerodermie,,sklerodermisch,ADJ.,90,0,0,
Smoothie,,smooth,ADJ.,223,0,0,
Smoothie,,smoothisch,ADJ.,223,0,0,
Softie,,soft,ADJ.,115,3180,1,1.0
Softie,,softisch,ADJ.,115,0,0,
Sonographie,,sonographisch,ADJ.,305,0,0,
Sonographie,,sonograph,ADJ.,305,0,0,
Soziologie,,soziologisch,ADJ.,3705,2233,1,1.0
Soziologie,,soziolog,ADJ.,3705,0,0,
Spektrometerie,,spektrometer,ADJ.,0,0,0,
Spektrometerie,,spektrometerisch,ADJ.,0,0,0,
Spektroskopie,,spektroskopisch,ADJ.,214,167,1,1.0
Spektroskopie,,spektroskop,ADJ.,214,0,0,
Spezie,,spezisch,ADJ.,285,2,1,1.0
Spezie,,spez,ADJ.,285,0,0,
Stereotypie,,stereotyp,ADJ.,103,810,1,1.0
Stereotypie,,stereotypisch,ADJ.,103,85,1,
Stieffamilie,,stieffamil,ADJ.,47,0,0,
Stieffamilie,,stieffamilisch,ADJ.,47,0,0,
Stomatologie,,stomatologisch,ADJ.,4,0,0,
Stomatologie,,stomatolog,ADJ.,4,0,0,
Strategie,,strategisch,ADJ.,24239,14260,1,1.0
Strategie,,strateg,ADJ.,23539,0,0,
Studie,,stud,ADJ.,63168,0,0,
Studie,,studisch,ADJ.,63168,0,0,
Studium,,studi,ADJ.,64169,0,0,
Studium,,studiisch,ADJ.,64169,0,0,
Symmetrie,,symmetrisch,ADJ.,1006,1840,1,1.0
Symmetrie,,symmetr,ADJ.,1006,0,0,
Sympathie,,sympathisch,ADJ.,4440,9916,1,1.0
Sympathie,,sympath,ADJ.,4433,0,0,
Symphonie,,symphonisch,ADJ.,1211,446,1,1.0
Symphonie,,symphon,ADJ.,1211,0,0,
Synästhesie,,synästhes,ADJ.,68,0,0,
Synästhesie,,synästhesisch,ADJ.,68,0,0,
Synergie,,synerg,ADJ.,1610,0,0,
Synergie,,synergisch,ADJ.,1610,0,0,
Szenerie,,szener,ADJ.,1611,0,0,
Szenerie,,szenerisch,ADJ.,1611,0,0,
Tapisserie,,tapisser,ADJ.,56,0,0,
Tapisserie,,tapisserisch,ADJ.,56,0,0,
Tautologie,,tautologisch,ADJ.,191,110,1,1.0
Tautologie,,tautolog,ADJ.,191,0,0,
Taxonomie,,taxonomisch,ADJ.,228,0,0,
Taxonomie,,taxonom,ADJ.,228,0,0,
Technokratie,,technokratisch,ADJ.,47,248,1,1.0
Technokratie,,technokrat,ADJ.,47,0,0,
Technologie,,technologisch,ADJ.,25533,5405,1,1.0
Technologie,,technolog,ADJ.,25533,0,0,
Teenie,,teen,ADJ.,980,0,0,
Teenie,,teenisch,ADJ.,980,0,0,
Teledermatologie,,teledermatologisch,ADJ.,1,0,0,
Teledermatologie,,teledermatolog,ADJ.,1,0,0,
Telefonie,,telefonisch,ADJ.,1150,13337,1,1.0
Telefonie,,telefon,ADJ.,1150,0,0,
Telegrafie,,telegrafisch,ADJ.,110,54,1,1.0
Telegrafie,,telegraf,ADJ.,110,0,0,
Telegraphie,,telegraphisch,ADJ.,63,62,1,1.0
Telegraphie,,telegraph,ADJ.,63,0,0,
Telekopie,,telekop,ADJ.,13,0,0,
Telekopie,,telekopisch,ADJ.,13,0,0,
Telemetrie,,telemetrisch,ADJ.,269,52,1,1.0
Telemetrie,,telemetr,ADJ.,269,0,0,
Teleologie,,teleologisch,ADJ.,82,294,1,1.0
Teleologie,,teleolog,ADJ.,82,0,0,
Telephonie,,telephonisch,ADJ.,22,92,1,1.0
Telephonie,,telephon,ADJ.,22,0,0,
Terminologie,,terminologisch,ADJ.,1058,223,1,1.0
Terminologie,,terminolog,ADJ.,1058,0,0,
Tetralogie,,tetralogisch,ADJ.,92,0,0,
Tetralogie,,tetralog,ADJ.,92,0,0,
Textilie,,textil,ADJ.,2927,2539,1,1.0
Textilie,,textilisch,ADJ.,2927,0,0,
Theogonie,,theogon,ADJ.,36,0,0,
Theogonie,,theogonisch,ADJ.,36,0,0,
Theologie,,theologisch,ADJ.,8008,6653,1,1.0
Theologie,,theolog,ADJ.,7996,0,0,
Theorie,,theor,ADJ.,32012,0,0,
Theorie,,theorisch,ADJ.,32012,0,0,
Theosophie,,theosophisch,ADJ.,176,132,1,1.0
Theosophie,,theosoph,ADJ.,176,0,0,
Therapie,,therap,ADJ.,28071,0,0,
Therapie,,therapisch,ADJ.,28071,0,0,
Thermie,,thermisch,ADJ.,7,3987,1,1.0
Thermie,,therm,ADJ.,7,0,0,
Tomografie,,tomografisch,ADJ.,10,8,1,1.0
Tomografie,,tomograf,ADJ.,10,0,0,
Tomographie,,tomographisch,ADJ.,61,30,1,1.0
Tomographie,,tomograph,ADJ.,61,0,0,
Topografie,,topografisch,ADJ.,215,362,1,1.0
Topografie,,topograf,ADJ.,215,0,0,
Topographie,,topographisch,ADJ.,771,831,1,1.0
Topographie,,topograph,ADJ.,771,0,0,
Topologie,,topologisch,ADJ.,367,196,1,1.0
Topologie,,topolog,ADJ.,367,0,0,
Toxikologie,,toxikologisch,ADJ.,264,343,1,1.0
Toxikologie,,toxikolog,ADJ.,264,0,0,
Tragikomödie,,tragikomöd,ADJ.,262,0,0,
Tragikomödie,,tragikomödisch,ADJ.,262,0,0,
Tragödie,,tragöd,ADJ.,3342,0,0,
Tragödie,,tragödisch,ADJ.,3342,0,0,
Trajektorie,,trajektor,ADJ.,65,0,0,
Trajektorie,,trajektorisch,ADJ.,65,0,0,
Transphobie,,transphob,ADJ.,41,0,0,
Transphobie,,transphobisch,ADJ.,41,0,0,
Traumatologie,,traumatologisch,ADJ.,72,0,0,
Traumatologie,,traumatolog,ADJ.,72,0,0,
Trigonometrie,,trigonometrisch,ADJ.,80,67,1,1.0
Trigonometrie,,trigonometr,ADJ.,80,0,0,
Trilogie,,trilogisch,ADJ.,2239,1,1,1.0
Trilogie,,trilog,ADJ.,2239,0,0,
Trisomie,,trisom,ADJ.,290,0,0,
Trisomie,,trisomisch,ADJ.,290,0,0,
Trophie,,trophisch,ADJ.,15,34,1,1.0
Trophie,,troph,ADJ.,15,0,0,
Typie,,typisch,ADJ.,9,42828,1,1.0
Typie,,typ,ADJ.,9,0,0,
Typografie,,typografisch,ADJ.,472,273,1,1.0
Typografie,,typograf,ADJ.,472,0,0,
Typographie,,typographisch,ADJ.,235,210,1,1.0
Typographie,,typograph,ADJ.,235,0,0,
Typologie,,typologisch,ADJ.,503,236,1,1.0
Typologie,,typolog,ADJ.,503,0,0,
Unterfamilie,,unterfamil,ADJ.,145,0,0,
Unterfamilie,,unterfamilisch,ADJ.,145,0,0,
Unterkategorie,,unterkategor,ADJ.,836,0,0,
Unterkategorie,,unterkategorisch,ADJ.,836,0,0,
Urmaterie,,urmater,ADJ.,33,0,0,
Urmaterie,,urmaterisch,ADJ.,33,0,0,
Urologie,,urologisch,ADJ.,524,359,1,1.0
Urologie,,urolog,ADJ.,524,0,0,
Utopie,,utopisch,ADJ.,3080,1863,1,1.0
Utopie,,utop,ADJ.,3080,0,0,
Venerologie,,venerologisch,ADJ.,63,0,0,
Venerologie,,venerolog,ADJ.,63,0,0,
Verbie,,verbisch,ADJ.,1,2,1,1.0
Verbie,,verb,ADJ.,1,0,0,
Verbindungslinie,,verbindungslin,ADJ.,282,0,0,
Verbindungslinie,,verbindungslinisch,ADJ.,282,0,0,
Verlustserie,,verlustser,ADJ.,5,0,0,
Verlustserie,,verlustserisch,ADJ.,5,0,0,
Verschwörungstheorie,,verschwörungstheor,ADJ.,1839,0,0,
Verschwörungstheorie,,verschwörungstheorisch,ADJ.,1839,0,0,
Virologie,,virologisch,ADJ.,122,68,1,1.0
Virologie,,virolog,ADJ.,122,0,0,
Vorabkopie,,vorabkop,ADJ.,1,0,0,
Vorabkopie,,vorabkopisch,ADJ.,1,0,0,
Vorstudie,,vorstud,ADJ.,224,0,0,
Vorstudie,,vorstudisch,ADJ.,224,0,0,
Vortherapie,,vortherap,ADJ.,26,0,0,
Vortherapie,,vortherapisch,ADJ.,26,0,0,
Vulkanologie,,vulkanologisch,ADJ.,26,6,1,1.0
Vulkanologie,,vulkanolog,ADJ.,26,0,0,
Wehrpharmazie,,wehrpharmaz,ADJ.,3,0,0,
Wehrpharmazie,,wehrpharmazisch,ADJ.,3,0,0,
Werbestrategie,,werbestrateg,ADJ.,510,0,0,
Wirtsfamilie,,wirtsfamil,ADJ.,24,0,0,
Wirtsfamilie,,wirtsfamilisch,ADJ.,24,0,0,
Wissenschaftstheorie,,wissenschaftstheor,ADJ.,372,0,0,
Wissenschaftstheorie,,wissenschaftstheorisch,ADJ.,372,0,0,
Woogie,,woog,ADJ.,0,0,0,
Woogie,,woogisch,ADJ.,0,0,0,
Wortfamilie,,wortfamil,ADJ.,33,0,0,
Wortfamilie,,wortfamilisch,ADJ.,33,0,0,
Xenophobie,,xenophob,ADJ.,80,68,1,1.0
Xenophobie,,xenophobisch,ADJ.,80,0,0,
Yuppie,,yupp,ADJ.,180,0,0,
Yuppie,,yuppisch,ADJ.,180,0,0,
Zeichentrickserie,,zeichentrickser,ADJ.,375,0,0,
Zeichentrickserie,,zeichentrickserisch,ADJ.,375,0,0,
Zeremonie,,zeremon,ADJ.,2524,0,0,
Zeremonie,,zeremonisch,ADJ.,2524,0,0,
Zichorie,,zichor,ADJ.,40,0,0,
Zichorie,,zichorisch,ADJ.,40,0,0,
Zitterpartie,,zitterpart,ADJ.,176,0,0,
Zitterpartie,,zitterpartisch,ADJ.,176,0,0,
Zombie,,zomb,ADJ.,3149,0,0,
Zombie,,zombisch,ADJ.,3149,0,0,
Zoologie,,zoologisch,ADJ.,443,1092,1,1.0
Zoologie,,zoolog,ADJ.,443,0,0,
Zweitbatterie,,zweitbatter,ADJ.,13,0,0,
Zweitbatterie,,zweitbatterisch,ADJ.,13,0,0,
Zweitfamilie,,zweitfamil,ADJ.,19,0,0,
Zweitfamilie,,zweitfamilisch,ADJ.,19,0,0,
